-- MySQL dump 10.13  Distrib 5.7.26, for Linux (x86_64)
--
-- Host: localhost    Database: take_out_db
-- ------------------------------------------------------
-- Server version	5.7.26-log

/*!40101 SET @OLD_CHARACTER_SET_CLIENT=@@CHARACTER_SET_CLIENT */;
/*!40101 SET @OLD_CHARACTER_SET_RESULTS=@@CHARACTER_SET_RESULTS */;
/*!40101 SET @OLD_COLLATION_CONNECTION=@@COLLATION_CONNECTION */;
/*!40101 SET NAMES utf8 */;
/*!40103 SET @OLD_TIME_ZONE=@@TIME_ZONE */;
/*!40103 SET TIME_ZONE='+00:00' */;
/*!40014 SET @OLD_UNIQUE_CHECKS=@@UNIQUE_CHECKS, UNIQUE_CHECKS=0 */;
/*!40014 SET @OLD_FOREIGN_KEY_CHECKS=@@FOREIGN_KEY_CHECKS, FOREIGN_KEY_CHECKS=0 */;
/*!40101 SET @OLD_SQL_MODE=@@SQL_MODE, SQL_MODE='NO_AUTO_VALUE_ON_ZERO' */;
/*!40111 SET @OLD_SQL_NOTES=@@SQL_NOTES, SQL_NOTES=0 */;

--
-- Current Database: `take_out_db`
--

CREATE DATABASE /*!32312 IF NOT EXISTS*/ `take_out_db` /*!40100 DEFAULT CHARACTER SET utf8mb4 */;

USE `take_out_db`;

--
-- Table structure for table `address_book`
--

DROP TABLE IF EXISTS `address_book`;
/*!40101 SET @saved_cs_client     = @@character_set_client */;
/*!40101 SET character_set_client = utf8 */;
CREATE TABLE `address_book` (
  `id` bigint(20) NOT NULL COMMENT '主键',
  `user_id` bigint(20) NOT NULL COMMENT '用户id',
  `consignee` varchar(50) COLLATE utf8_bin NOT NULL COMMENT '收货人',
  `sex` tinyint(4) NOT NULL COMMENT '性别 0 女 1 男',
  `phone` varchar(11) COLLATE utf8_bin NOT NULL COMMENT '手机号',
  `province_code` varchar(12) CHARACTER SET utf8mb4 DEFAULT NULL COMMENT '省级区划编号',
  `province_name` varchar(32) CHARACTER SET utf8mb4 DEFAULT NULL COMMENT '省级名称',
  `city_code` varchar(12) CHARACTER SET utf8mb4 DEFAULT NULL COMMENT '市级区划编号',
  `city_name` varchar(32) CHARACTER SET utf8mb4 DEFAULT NULL COMMENT '市级名称',
  `district_code` varchar(12) CHARACTER SET utf8mb4 DEFAULT NULL COMMENT '区级区划编号',
  `district_name` varchar(32) CHARACTER SET utf8mb4 DEFAULT NULL COMMENT '区级名称',
  `detail` varchar(200) CHARACTER SET utf8mb4 DEFAULT NULL COMMENT '详细地址',
  `label` varchar(100) CHARACTER SET utf8mb4 DEFAULT NULL COMMENT '标签',
  `is_default` tinyint(1) NOT NULL DEFAULT '0' COMMENT '默认 0 否 1是',
  `create_time` datetime NOT NULL COMMENT '创建时间',
  `update_time` datetime NOT NULL COMMENT '更新时间',
  `create_user` bigint(20) NOT NULL COMMENT '创建人',
  `update_user` bigint(20) NOT NULL COMMENT '修改人',
  `is_deleted` int(11) NOT NULL DEFAULT '0' COMMENT '是否删除',
  PRIMARY KEY (`id`) USING BTREE
) ENGINE=InnoDB DEFAULT CHARSET=utf8 COLLATE=utf8_bin COMMENT='地址管理';
/*!40101 SET character_set_client = @saved_cs_client */;

--
-- Dumping data for table `address_book`
--

LOCK TABLES `address_book` WRITE;
/*!40000 ALTER TABLE `address_book` DISABLE KEYS */;
INSERT INTO `address_book` VALUES (1417414526093082626,1417012167126876162,'小明',1,'13812345678',NULL,NULL,NULL,NULL,NULL,NULL,'昌平区金燕龙办公楼','公司',1,'2021-07-20 17:22:12','2021-07-20 17:26:33',1417012167126876162,1417012167126876162,0),(1417414926166769666,1417012167126876162,'小李',1,'13512345678',NULL,NULL,NULL,NULL,NULL,NULL,'测试','家',0,'2021-07-20 17:23:47','2021-07-20 17:23:47',1417012167126876162,1417012167126876162,0),(1557546630466031617,1557527462182199298,'柴浩',1,'18544445566',NULL,NULL,NULL,NULL,NULL,NULL,'白城市整蛊医院','公司',1,'2022-08-11 09:57:09','2022-08-12 16:33:45',1557527462182199298,1557527462182199298,0),(1557558593736749058,1557527462182199298,'关瑞生',1,'18544445578',NULL,NULL,NULL,NULL,NULL,NULL,'沈阳市五月古筝私塾','公司',0,'2022-08-11 10:44:41','2022-08-12 16:30:10',1557527462182199298,1557527462182199298,0),(1557558829813149698,1557527462182199298,'陈义',1,'18544445566',NULL,NULL,NULL,NULL,NULL,NULL,'广州轻工业职业技术学院','学校',0,'2022-08-11 10:45:38','2022-08-12 16:31:13',1557527462182199298,1557527462182199298,0),(1557917907974397954,1557528809312960513,'刘建龙',1,'13145678976',NULL,NULL,NULL,NULL,NULL,NULL,'理塘世界最高城','公司',0,'2022-08-12 10:32:29','2022-08-12 16:25:58',1557528809312960513,1557528809312960513,0),(1558005717016342530,1557528809312960513,'张志轩',1,'18745679823',NULL,NULL,NULL,NULL,NULL,NULL,'哈尔滨中央大街','家',1,'2022-08-12 16:21:24','2022-08-12 16:26:01',1557528809312960513,1557528809312960513,0),(1559532172359589890,1557529936033058818,'关瑞生',1,'13156785987',NULL,NULL,NULL,NULL,NULL,NULL,'沈阳大街','公司',0,'2022-08-16 21:26:59','2022-08-16 21:26:59',1557529936033058818,1557529936033058818,0),(1559532501067194369,1557529936033058818,'陈义',1,'13278905678',NULL,NULL,NULL,NULL,NULL,NULL,'大专人','学校',1,'2022-08-16 21:28:18','2022-08-16 21:28:20',1557529936033058818,1557529936033058818,0);
/*!40000 ALTER TABLE `address_book` ENABLE KEYS */;
UNLOCK TABLES;

--
-- Table structure for table `category`
--

DROP TABLE IF EXISTS `category`;
/*!40101 SET @saved_cs_client     = @@character_set_client */;
/*!40101 SET character_set_client = utf8 */;
CREATE TABLE `category` (
  `id` bigint(20) NOT NULL COMMENT '主键',
  `type` int(11) DEFAULT NULL COMMENT '类型   1 菜品分类 2 套餐分类',
  `name` varchar(64) COLLATE utf8_bin NOT NULL COMMENT '分类名称',
  `sort` int(11) NOT NULL DEFAULT '0' COMMENT '顺序',
  `create_time` datetime NOT NULL COMMENT '创建时间',
  `update_time` datetime NOT NULL COMMENT '更新时间',
  `create_user` bigint(20) NOT NULL COMMENT '创建人',
  `update_user` bigint(20) NOT NULL COMMENT '修改人',
  PRIMARY KEY (`id`) USING BTREE,
  UNIQUE KEY `idx_category_name` (`name`)
) ENGINE=InnoDB DEFAULT CHARSET=utf8 COLLATE=utf8_bin COMMENT='菜品及套餐分类';
/*!40101 SET character_set_client = @saved_cs_client */;

--
-- Dumping data for table `category`
--

LOCK TABLES `category` WRITE;
/*!40000 ALTER TABLE `category` DISABLE KEYS */;
INSERT INTO `category` VALUES (1397844263642378242,1,'湘菜',1,'2021-05-27 09:16:58','2022-08-07 16:27:26',1,1),(1397844303408574465,1,'川菜',2,'2021-05-27 09:17:07','2022-08-10 12:21:00',1,1),(1397844391040167938,1,'粤菜',3,'2021-05-27 09:17:28','2021-07-09 14:37:13',1,1),(1413341197421846529,1,'饮品',11,'2021-07-09 11:36:15','2021-07-09 14:39:15',1,1),(1413342269393674242,2,'商务套餐',5,'2021-07-09 11:40:30','2021-07-09 14:43:45',1,1),(1413384954989060097,1,'主食',12,'2021-07-09 14:30:07','2021-07-09 14:39:19',1,1),(1413386191767674881,2,'儿童套餐',6,'2021-07-09 14:35:02','2021-07-09 14:39:05',1,1),(1556098515183677442,1,'老八推荐',4,'2022-08-07 10:02:52','2022-08-07 10:02:52',1,1),(1556098734763880450,2,'奥利给套餐',7,'2022-08-07 10:03:44','2022-08-07 10:03:44',1,1),(1556115470439493634,1,'精品热菜',0,'2022-08-07 11:10:14','2022-08-10 11:43:49',1,1);
/*!40000 ALTER TABLE `category` ENABLE KEYS */;
UNLOCK TABLES;

--
-- Table structure for table `dish`
--

DROP TABLE IF EXISTS `dish`;
/*!40101 SET @saved_cs_client     = @@character_set_client */;
/*!40101 SET character_set_client = utf8 */;
CREATE TABLE `dish` (
  `id` bigint(20) NOT NULL COMMENT '主键',
  `name` varchar(64) COLLATE utf8_bin NOT NULL COMMENT '菜品名称',
  `category_id` bigint(20) NOT NULL COMMENT '菜品分类id',
  `price` decimal(10,2) DEFAULT NULL COMMENT '菜品价格',
  `code` varchar(64) COLLATE utf8_bin NOT NULL COMMENT '商品码',
  `image` varchar(200) COLLATE utf8_bin NOT NULL COMMENT '图片',
  `description` varchar(400) COLLATE utf8_bin DEFAULT NULL COMMENT '描述信息',
  `status` int(11) NOT NULL DEFAULT '1' COMMENT '0 停售 1 起售',
  `sort` int(11) NOT NULL DEFAULT '0' COMMENT '顺序',
  `create_time` datetime NOT NULL COMMENT '创建时间',
  `update_time` datetime NOT NULL COMMENT '更新时间',
  `create_user` bigint(20) NOT NULL COMMENT '创建人',
  `update_user` bigint(20) NOT NULL COMMENT '修改人',
  `is_deleted` int(11) NOT NULL DEFAULT '0' COMMENT '是否删除',
  PRIMARY KEY (`id`) USING BTREE,
  UNIQUE KEY `idx_dish_name` (`name`)
) ENGINE=InnoDB DEFAULT CHARSET=utf8 COLLATE=utf8_bin COMMENT='菜品管理';
/*!40101 SET character_set_client = @saved_cs_client */;

--
-- Dumping data for table `dish`
--

LOCK TABLES `dish` WRITE;
/*!40000 ALTER TABLE `dish` DISABLE KEYS */;
INSERT INTO `dish` VALUES (1397849739276890114,'辣子鸡',1397844263642378242,7800.00,'222222222','f8bb744a-2917-45c9-b20e-cbfc7e812dc0.jpg','来自鲜嫩美味的小鸡，值得一尝',1,0,'2021-05-27 09:38:43','2022-08-16 10:29:38',1,1,0),(1397850140982161409,'毛氏红烧肉',1397844263642378242,6800.00,'123412341234','095186a2-5499-4731-b7f5-85a143705bd9.jpg','毛氏红烧肉毛氏红烧肉，确定不来一份？',1,0,'2021-05-27 09:40:19','2022-08-16 10:32:57',1,1,0),(1397850392090947585,'组庵鱼翅',1397844263642378242,4800.00,'123412341234','d264068c-2ada-49ce-bbd2-214e513c3b2e.jpg','组庵鱼翅，看图足以表明好吃程度',1,0,'2021-05-27 09:41:19','2022-08-16 10:32:49',1,1,0),(1397850851245600769,'霸王别姬',1397844263642378242,12800.00,'123412341234','a7f3833b-3c70-44f0-953b-80d8d7687c08.jpeg','还有什么比霸王别姬更美味的呢？',1,0,'2021-05-27 09:43:08','2022-08-16 10:32:35',1,1,0),(1397851099502260226,'全家福',1397844263642378242,11800.00,'23412341234','591a8926-b7bb-4c76-a70e-a5eb6467a9c3.jpg','别光吃肉啦，来份全家福吧，让你长寿又美味',1,0,'2021-05-27 09:44:08','2022-08-16 10:32:21',1,1,0),(1397851370462687234,'邵阳猪血丸子',1397844263642378242,13887.00,'1246812345678','45797a23-dc21-405f-a059-6d335365e5e9.jpg','看，美味不？来嘛来嘛，这才是最爱吖',1,0,'2021-05-27 09:45:12','2022-08-13 11:26:21',1,1,0),(1397851668262465537,'口味蛇',1397844263642378242,16800.00,'1234567812345678','8e33fe19-5487-4247-89df-a2d30bd6022e.jpg','爬行界的扛把子，东兴-口味蛇，让你欲罢不能',1,0,'2021-05-27 09:46:23','2022-08-16 10:31:58',1,1,0),(1397852391150759938,'辣子鸡丁',1397844303408574465,8800.00,'2346812468','975924e5-23f6-478b-bdfa-102e45ffaa66.jpg','辣子鸡丁，辣子鸡丁，永远的魂',1,0,'2021-05-27 09:49:16','2022-08-16 10:31:39',1,1,0),(1397853183287013378,'麻辣兔头',1397844303408574465,19800.00,'123456787654321','65e1b173-a2dc-4f59-a709-ac6736b29b37.jpg','麻辣兔头的详细制作，麻辣鲜香，色泽红润，回味悠长',1,0,'2021-05-27 09:52:24','2022-08-16 10:28:38',1,1,0),(1397853709101740034,'蒜泥白肉',1397844303408574465,9800.00,'1234321234321','68b67db1-3797-4edc-ac45-814a4e3c6b9f.jpg','多么的有食欲啊',1,0,'2021-05-27 09:54:30','2022-08-16 10:31:27',1,1,0),(1397853890262118402,'鱼香肉丝',1397844303408574465,3800.00,'1234212321234','4fa65cc5-53e8-445a-a433-81d85614fa6b.jpg','鱼香肉丝简直就是我们童年回忆的一道经典菜，上学的时候点个鱼香肉丝盖饭坐在宿舍床上看着肥皂剧，绝了！现在完美复刻一下上学的时候感觉',1,0,'2021-05-27 09:55:13','2022-08-16 10:28:24',1,1,0),(1397854652581064706,'麻辣水煮鱼',1397844303408574465,14800.00,'2345312·345321','15f732ed-9e26-42d3-85ec-853038765b9d.jpg','鱼片是买的切好的鱼片，放几个虾，增加味道',1,0,'2021-05-27 09:58:15','2022-08-16 10:31:09',1,1,0),(1397854865672679425,'鱼香炒鸡蛋',1397844303408574465,2000.00,'23456431·23456','0aebaa5f-1830-41c7-ba8d-2fee7850cb37.jpg','鱼香菜也是川味的特色。里面没有鱼却鱼香味',1,0,'2021-05-27 09:59:06','2022-08-16 10:29:14',1,1,0),(1397860242057375745,'脆皮烧鹅',1397844391040167938,12800.00,'123456786543213456','30f42cd5-b4af-4f28-aa0f-71b1af0e4eb7.jpeg','“广东烤鸭美而香，却胜烧鹅说古冈（今新会），燕瘦环肥各佳妙，君休偏重便宜坊”，可见烧鹅与烧鸭在粤菜之中已早负盛名。作为广州最普遍和最受欢迎的烧烤肉食，以它的“色泽金红，皮脆肉嫩，味香可口”的特色，在省城各大街小巷的烧卤店随处可见。',1,0,'2021-05-27 10:20:27','2022-08-16 10:30:37',1,1,0),(1397860578738352129,'白切鸡',1397844391040167938,6600.00,'12345678654','f0212501-849f-48b4-becc-9e5677fc06d6.jpeg','白切鸡是一道色香味俱全的特色传统名肴，又叫白斩鸡，是粤菜系鸡肴中的一种，始于清代的民间。白切鸡通常选用细骨农家鸡与沙姜、蒜茸等食材，慢火煮浸白切鸡皮爽肉滑，清淡鲜美。著名的泮溪酒家白切鸡，曾获商业部优质产品金鼎奖。湛江白切鸡更是驰名粤港澳。粤菜厨坛中，鸡的菜式有200余款之多，而最为人常食不厌的正是白切鸡，深受食家青睐。',1,0,'2021-05-27 10:21:48','2022-08-16 10:28:07',1,1,0),(1397860792492666881,'烤乳猪',1397844391040167938,28800.00,'213456432123456','73e26227-8c83-446c-b03d-5df15d1ca0a8.png','广式烧乳猪主料是小乳猪，辅料是蒜，调料是五香粉、芝麻酱、八角粉等，本菜品主要通过将食材放入炭火中烧烤而成。烤乳猪是广州最著名的特色菜，并且是“满汉全席”中的主打菜肴之一。烤乳猪也是许多年来广东人祭祖的祭品之一，是家家都少不了的应节之物，用乳猪祭完先人后，亲戚们再聚餐食用。',1,0,'2021-05-27 10:22:39','2022-08-14 10:28:17',1,1,0),(1397860963880316929,'脆皮乳鸽',1397844391040167938,10800.00,'1234563212345','7005b329-f954-43f4-85a6-9031e29c71f2.jpeg','“脆皮乳鸽”是广东菜中的一道传统名菜，属于粤菜系，具有皮脆肉嫩、色泽红亮、鲜香味美的特点，常吃可使身体强健，清肺顺气。随着菜品制作工艺的不断发展，逐渐形成了熟炸法、生炸法和烤制法三种制作方法。无论那种制作方法，都是在鸽子经过一系列的加工，挂脆皮水后再加工而成，正宗的“脆皮乳鸽皮脆肉嫩、色泽红亮、鲜香味美、香气馥郁。这三种方法的制作过程都不算复杂，但想达到理想的效果并不容易。',1,0,'2021-05-27 10:23:19','2022-08-16 10:29:50',1,1,0),(1397861683434139649,'清蒸河鲜海鲜',1397844391040167938,38800.00,'1234567876543213456','7d469996-eb33-47cb-bd28-73cd3e51fbf5.jpeg','新鲜的海鲜，清蒸是最好的处理方式。鲜，体会为什么叫海鲜。清蒸是广州最经典的烹饪手法，过去岭南地区由于峻山大岭阻隔，交通不便，经济发展起步慢，自家打的鱼放在锅里煮了就吃，没有太多的讲究，但却发现这清淡的煮法能使鱼的鲜甜跃然舌尖。',1,0,'2021-05-27 10:26:11','2022-08-16 10:30:20',1,1,0),(1397862198033297410,'老火靓汤',1397844391040167938,49800.00,'123456786532455','7251d459-3b88-4b98-9212-69c3c12206fe.jpeg','老火靓汤又称广府汤，是广府人传承数千年的食补养生秘方，慢火煲煮的中华老火靓汤，火候足，时间长，既取药补之效，又取入口之甘甜。 广府老火汤种类繁多，可以用各种汤料和烹调方法，烹制出各种不同口味、不同功效的汤来。',1,0,'2021-05-27 10:28:14','2022-08-16 10:27:51',1,1,0),(1397862477831122945,'上汤焗龙虾',1397844391040167938,108800.00,'1234567865432','63256f34-79ee-4b7c-a1e8-29ae6add1bd3.jpg','上汤焗龙虾是一道色香味俱全的传统名菜，属于粤菜系。此菜以龙虾为主料，配以高汤制成的一道海鲜美食。本品肉质洁白细嫩，味道鲜美，蛋白质含量高，脂肪含量低，营养丰富。是色香味俱全的传统名菜。',1,0,'2021-05-27 10:29:20','2022-08-16 10:30:02',1,1,0),(1413342036832100354,'北冰洋',1413341197421846529,500.00,'','4ac37f35-29c2-4c6f-ab78-94ce13ee8d8f.png','',1,0,'2021-07-09 11:39:35','2022-08-16 10:15:16',1,1,0),(1413384757047271425,'王老吉',1413341197421846529,500.00,'','a832ae96-825e-4c3d-9673-89ca860b09a5.png','',1,0,'2021-07-09 14:29:20','2022-08-12 08:50:49',1,1,0),(1413385247889891330,'米饭',1413384954989060097,200.00,'','87581109-b035-4e7a-a996-db02ec7c0d2c.png','',1,0,'2021-07-09 14:31:17','2022-08-14 17:17:35',1,1,0),(1556462951492788226,'冰红茶滴水',1413341197421846529,25000.00,'','d18e36a5-2581-4d2b-8a79-0f7f25d8b3b6.png','没有活可以咬打火机',1,0,'2022-08-08 10:11:00','2022-08-12 08:50:30',1,1,0),(1556919946742091777,'好果汁',1413341197421846529,3000.00,'','290993b5-ea0d-4e7e-b56c-22e9b8c881da.png','你就是歌姬吧',1,0,'2022-08-09 16:26:56','2022-08-12 08:57:18',1,1,0),(1556920311625568257,'刀哥的皮炎痣',1556115470439493634,40000.00,'','4e8570d3-b09a-446b-86d9-157476895de9.jpeg','老铁们双击红心666',1,0,'2022-08-09 16:28:23','2022-08-14 10:15:19',1,1,0),(1558632622526644225,'美汁儿汁儿',1413341197421846529,4000.00,'','d4c3ade5-428e-4aa9-93bb-d2a02b8e1ca0.png','这小面条吃到嘴里美汁儿汁儿',1,0,'2022-08-14 09:52:30','2022-08-16 21:25:40',1,1,0),(1558641031011483650,'生命的源泉（八酒杯）',1413341197421846529,8000.00,'','aeb27907-a95b-4b4a-9c51-1ae267086f66.jpg','生命的源泉也挺好',1,0,'2022-08-14 10:25:55','2022-08-14 10:28:17',1,1,0),(1558705288013000705,'老八秘制小汉堡',1556098515183677442,10000.00,'','259a0686-4a41-407b-be99-276a2100697a.png','一日三餐没烦恼，今天就吃老八秘制小汉堡，既实惠，还管饱',1,0,'2022-08-14 14:41:15','2022-08-14 17:17:35',1,1,0);
/*!40000 ALTER TABLE `dish` ENABLE KEYS */;
UNLOCK TABLES;

--
-- Table structure for table `dish_flavor`
--

DROP TABLE IF EXISTS `dish_flavor`;
/*!40101 SET @saved_cs_client     = @@character_set_client */;
/*!40101 SET character_set_client = utf8 */;
CREATE TABLE `dish_flavor` (
  `id` bigint(20) NOT NULL COMMENT '主键',
  `dish_id` bigint(20) NOT NULL COMMENT '菜品',
  `name` varchar(64) COLLATE utf8_bin NOT NULL COMMENT '口味名称',
  `value` varchar(500) COLLATE utf8_bin DEFAULT NULL COMMENT '口味数据list',
  `create_time` datetime NOT NULL COMMENT '创建时间',
  `update_time` datetime NOT NULL COMMENT '更新时间',
  `create_user` bigint(20) NOT NULL COMMENT '创建人',
  `update_user` bigint(20) NOT NULL COMMENT '修改人',
  `is_deleted` int(11) NOT NULL DEFAULT '0' COMMENT '是否删除',
  PRIMARY KEY (`id`) USING BTREE
) ENGINE=InnoDB DEFAULT CHARSET=utf8 COLLATE=utf8_bin COMMENT='菜品口味关系表';
/*!40101 SET character_set_client = @saved_cs_client */;

--
-- Dumping data for table `dish_flavor`
--

LOCK TABLES `dish_flavor` WRITE;
/*!40000 ALTER TABLE `dish_flavor` DISABLE KEYS */;
INSERT INTO `dish_flavor` VALUES (1397849417888346113,1397849417854791681,'辣度','[\"不辣\",\"微辣\",\"中辣\",\"重辣\"]','2021-05-27 09:37:27','2021-05-27 09:37:27',1,1,0),(1397849739297861633,1397849739276890114,'忌口','[\"不要葱\",\"不要蒜\",\"不要香菜\",\"不要辣\"]','2021-05-27 09:38:43','2021-05-27 09:38:43',1,1,1),(1397849739323027458,1397849739276890114,'辣度','[\"不辣\",\"微辣\",\"中辣\",\"重辣\"]','2021-05-27 09:38:43','2021-05-27 09:38:43',1,1,1),(1397849936421761025,1397849936404983809,'忌口','[\"不要葱\",\"不要蒜\",\"不要香菜\",\"不要辣\"]','2021-05-27 09:39:30','2021-05-27 09:39:30',1,1,0),(1397849936438538241,1397849936404983809,'辣度','[\"不辣\",\"微辣\",\"中辣\",\"重辣\"]','2021-05-27 09:39:30','2021-05-27 09:39:30',1,1,0),(1397850141015715841,1397850140982161409,'忌口','[\"不要葱\",\"不要蒜\",\"不要香菜\",\"不要辣\"]','2021-05-27 09:40:19','2021-05-27 09:40:19',1,1,1),(1397850141040881665,1397850140982161409,'辣度','[\"不辣\",\"微辣\",\"中辣\",\"重辣\"]','2021-05-27 09:40:19','2021-05-27 09:40:19',1,1,1),(1397850392120307713,1397850392090947585,'辣度','[\"不辣\",\"微辣\",\"中辣\",\"重辣\"]','2021-05-27 09:41:19','2021-05-27 09:41:19',1,1,1),(1397850392137084929,1397850392090947585,'辣度','[\"不辣\",\"微辣\",\"中辣\",\"重辣\"]','2021-05-27 09:41:19','2021-05-27 09:41:19',1,1,1),(1397850630734262274,1397850630700707841,'忌口','[\"不要葱\",\"不要蒜\",\"不要香菜\",\"不要辣\"]','2021-05-27 09:42:16','2021-05-27 09:42:16',1,1,0),(1397850630755233794,1397850630700707841,'辣度','[\"微辣\",\"中辣\",\"重辣\"]','2021-05-27 09:42:16','2021-05-27 09:42:16',1,1,0),(1397850851274960898,1397850851245600769,'忌口','[\"不要蒜\",\"不要香菜\",\"不要辣\"]','2021-05-27 09:43:08','2021-05-27 09:43:08',1,1,1),(1397850851283349505,1397850851245600769,'辣度','[\"不辣\",\"微辣\",\"中辣\",\"重辣\"]','2021-05-27 09:43:08','2021-05-27 09:43:08',1,1,1),(1397851099523231745,1397851099502260226,'忌口','[\"不要葱\",\"不要蒜\",\"不要香菜\",\"不要辣\"]','2021-05-27 09:44:08','2021-05-27 09:44:08',1,1,1),(1397851099527426050,1397851099502260226,'辣度','[\"不辣\",\"微辣\",\"中辣\"]','2021-05-27 09:44:08','2021-05-27 09:44:08',1,1,1),(1397851370483658754,1397851370462687234,'温度','[\"热饮\",\"常温\",\"去冰\",\"少冰\",\"多冰\"]','2021-05-27 09:45:12','2021-05-27 09:45:12',1,1,1),(1397851370483658755,1397851370462687234,'忌口','[\"不要葱\",\"不要蒜\",\"不要香菜\",\"不要辣\"]','2021-05-27 09:45:12','2021-05-27 09:45:12',1,1,1),(1397851370483658756,1397851370462687234,'辣度','[\"不辣\",\"微辣\",\"中辣\",\"重辣\"]','2021-05-27 09:45:12','2021-05-27 09:45:12',1,1,1),(1397851668283437058,1397851668262465537,'温度','[\"热饮\",\"常温\",\"去冰\",\"少冰\",\"多冰\"]','2021-05-27 09:46:23','2021-05-27 09:46:23',1,1,1),(1397852391180120065,1397852391150759938,'忌口','[\"不要葱\",\"不要香菜\",\"不要辣\"]','2021-05-27 09:49:16','2021-05-27 09:49:16',1,1,1),(1397852391196897281,1397852391150759938,'辣度','[\"不辣\",\"微辣\",\"重辣\"]','2021-05-27 09:49:16','2021-05-27 09:49:16',1,1,1),(1397853183307984898,1397853183287013378,'辣度','[\"不辣\",\"微辣\",\"中辣\",\"重辣\"]','2021-05-27 09:52:24','2021-05-27 09:52:24',1,1,1),(1397853423486414850,1397853423461249026,'辣度','[\"不辣\",\"微辣\",\"中辣\",\"重辣\"]','2021-05-27 09:53:22','2021-05-27 09:53:22',1,1,0),(1397853709126905857,1397853709101740034,'忌口','[\"不要葱\",\"不要蒜\",\"不要香菜\",\"不要辣\"]','2021-05-27 09:54:30','2021-05-27 09:54:30',1,1,1),(1397853890283089922,1397853890262118402,'辣度','[\"不辣\",\"微辣\",\"中辣\",\"重辣\"]','2021-05-27 09:55:13','2021-05-27 09:55:13',1,1,1),(1397854133632413697,1397854133603053569,'温度','[\"热饮\",\"常温\",\"去冰\",\"少冰\",\"多冰\"]','2021-05-27 09:56:11','2021-05-27 09:56:11',1,1,0),(1397854652623007745,1397854652581064706,'忌口','[\"不要葱\",\"不要蒜\",\"不要香菜\",\"不要辣\"]','2021-05-27 09:58:15','2021-05-27 09:58:15',1,1,1),(1397854652635590658,1397854652581064706,'辣度','[\"不辣\",\"微辣\",\"中辣\",\"重辣\"]','2021-05-27 09:58:15','2021-05-27 09:58:15',1,1,1),(1397854865735593986,1397854865672679425,'辣度','[\"不辣\",\"微辣\",\"中辣\",\"重辣\"]','2021-05-27 09:59:06','2021-05-27 09:59:06',1,1,1),(1397855742303186946,1397855742273826817,'辣度','[\"不辣\",\"微辣\",\"中辣\",\"重辣\"]','2021-05-27 10:02:35','2021-05-27 10:02:35',1,1,0),(1397855906497605633,1397855906468245506,'忌口','[\"不要葱\",\"不要蒜\",\"不要香菜\",\"不要辣\"]','2021-05-27 10:03:14','2021-05-27 10:03:14',1,1,0),(1397856190573621250,1397856190540066818,'辣度','[\"不辣\",\"微辣\",\"中辣\",\"重辣\"]','2021-05-27 10:04:21','2021-05-27 10:04:21',1,1,0),(1397859056709316609,1397859056684150785,'辣度','[\"不辣\",\"微辣\",\"中辣\",\"重辣\"]','2021-05-27 10:15:45','2021-05-27 10:15:45',1,1,0),(1397859277837217794,1397859277812051969,'辣度','[\"不辣\",\"微辣\",\"中辣\",\"重辣\"]','2021-05-27 10:16:37','2021-05-27 10:16:37',1,1,0),(1397859487502086146,1397859487476920321,'辣度','[\"不辣\",\"微辣\",\"中辣\",\"重辣\"]','2021-05-27 10:17:27','2021-05-27 10:17:27',1,1,0),(1397859757061615618,1397859757036449794,'甜味','[\"无糖\",\"少糖\",\"半躺\",\"多糖\",\"全糖\"]','2021-05-27 10:18:32','2021-05-27 10:18:32',1,1,0),(1397860242086735874,1397860242057375745,'辣度','[\"不辣\",\"微辣\",\"中辣\",\"重辣\"]','2021-05-27 10:20:27','2021-05-27 10:20:27',1,1,1),(1397860963918065665,1397860963880316929,'辣度','[\"不辣\",\"微辣\",\"中辣\",\"重辣\"]','2021-05-27 10:23:19','2021-05-27 10:23:19',1,1,1),(1397861135754506242,1397861135733534722,'甜味','[\"无糖\",\"少糖\",\"半躺\",\"多糖\",\"全糖\"]','2021-05-27 10:24:00','2021-05-27 10:24:00',1,1,0),(1397861370035744769,1397861370010578945,'辣度','[\"不辣\",\"微辣\",\"中辣\",\"重辣\"]','2021-05-27 10:24:56','2021-05-27 10:24:56',1,1,0),(1397861683459305474,1397861683434139649,'忌口','[\"不要葱\",\"不要蒜\",\"不要香菜\",\"不要辣\"]','2021-05-27 10:26:11','2021-05-27 10:26:11',1,1,1),(1397861898467717121,1397861898438356993,'忌口','[\"不要葱\",\"不要蒜\",\"不要香菜\",\"不要辣\"]','2021-05-27 10:27:02','2021-05-27 10:27:02',1,1,0),(1397862198054268929,1397862198033297410,'忌口','[\"不要葱\",\"不要蒜\",\"不要香菜\",\"不要辣\"]','2021-05-27 10:28:14','2021-05-27 10:28:14',1,1,1),(1397862477835317250,1397862477831122945,'辣度','[\"不辣\",\"微辣\",\"中辣\"]','2021-05-27 10:29:20','2021-05-27 10:29:20',1,1,1),(1398089545865015297,1398089545676271617,'温度','[\"热饮\",\"常温\",\"去冰\",\"少冰\",\"多冰\"]','2021-05-28 01:31:38','2021-05-28 01:31:38',1,1,0),(1398089782323097601,1398089782285348866,'辣度','[\"不辣\",\"微辣\",\"中辣\",\"重辣\"]','2021-05-28 01:32:34','2021-05-28 01:32:34',1,1,0),(1398090003262255106,1398090003228700673,'忌口','[\"不要葱\",\"不要蒜\",\"不要香菜\",\"不要辣\"]','2021-05-28 01:33:27','2021-05-28 01:33:27',1,1,0),(1398090264554811394,1398090264517062657,'忌口','[\"不要葱\",\"不要蒜\",\"不要香菜\",\"不要辣\"]','2021-05-28 01:34:29','2021-05-28 01:34:29',1,1,0),(1398090455399837698,1398090455324340225,'辣度','[\"不辣\",\"微辣\",\"中辣\",\"重辣\"]','2021-05-28 01:35:14','2021-05-28 01:35:14',1,1,0),(1398090685449023490,1398090685419663362,'温度','[\"热饮\",\"常温\",\"去冰\",\"少冰\",\"多冰\"]','2021-05-28 01:36:09','2021-05-28 01:36:09',1,1,0),(1398090825358422017,1398090825329061889,'忌口','[\"不要葱\",\"不要蒜\",\"不要香菜\",\"不要辣\"]','2021-05-28 01:36:43','2021-05-28 01:36:43',1,1,0),(1398091007051476993,1398091007017922561,'辣度','[\"不辣\",\"微辣\",\"中辣\",\"重辣\"]','2021-05-28 01:37:26','2021-05-28 01:37:26',1,1,0),(1398091296164851713,1398091296131297281,'辣度','[\"不辣\",\"微辣\",\"中辣\",\"重辣\"]','2021-05-28 01:38:35','2021-05-28 01:38:35',1,1,0),(1398091546531246081,1398091546480914433,'忌口','[\"不要葱\",\"不要蒜\",\"不要香菜\",\"不要辣\"]','2021-05-28 01:39:35','2021-05-28 01:39:35',1,1,0),(1398091729809747969,1398091729788776450,'辣度','[\"不辣\",\"微辣\",\"中辣\",\"重辣\"]','2021-05-28 01:40:18','2021-05-28 01:40:18',1,1,0),(1398091889499484161,1398091889449152513,'辣度','[\"不辣\",\"微辣\",\"中辣\",\"重辣\"]','2021-05-28 01:40:56','2021-05-28 01:40:56',1,1,0),(1398092095179763713,1398092095142014978,'辣度','[\"不辣\",\"微辣\",\"中辣\",\"重辣\"]','2021-05-28 01:41:45','2021-05-28 01:41:45',1,1,0),(1398092283877306370,1398092283847946241,'辣度','[\"不辣\",\"微辣\",\"中辣\",\"重辣\"]','2021-05-28 01:42:30','2021-05-28 01:42:30',1,1,0),(1398094018939236354,1398094018893099009,'辣度','[\"不辣\",\"微辣\",\"中辣\",\"重辣\"]','2021-05-28 01:49:24','2021-05-28 01:49:24',1,1,0),(1398094391494094850,1398094391456346113,'辣度','[\"不辣\",\"微辣\",\"中辣\",\"重辣\"]','2021-05-28 01:50:53','2021-05-28 01:50:53',1,1,0),(1399574026165727233,1399305325713600514,'辣度','[\"不辣\",\"微辣\",\"中辣\",\"重辣\"]','2021-06-01 03:50:25','2021-06-01 03:50:25',1399309715396669441,1399309715396669441,0),(1413389540592263169,1413384757047271425,'温度','[\"常温\",\"冷藏\"]','2021-07-12 09:09:16','2021-07-12 09:09:16',1,1,1),(1413389684020682754,1413342036832100354,'温度','[\"常温\",\"冷藏\"]','2021-07-09 15:12:18','2021-07-09 15:12:18',1,1,1),(1556825774584532993,1556462951492788226,'忌口','[\"不要葱\",\"不要蒜\",\"不要香菜\",\"不要辣\"]','2022-08-09 10:12:44','2022-08-09 10:12:44',1,1,1),(1556920311625568258,1556920311625568257,'辣度','[\"不辣\",\"微辣\",\"中辣\",\"重辣\"]','2022-08-09 16:28:23','2022-08-09 16:28:23',1,1,1),(1556920311625568259,1556920311625568257,'忌口','[\"不要葱\",\"不要蒜\",\"不要香菜\",\"不要辣\"]','2022-08-09 16:28:23','2022-08-09 16:28:23',1,1,1),(1556920311692677121,1556920311625568257,'甜味','[\"无糖\",\"少糖\",\"半糖\",\"多糖\",\"全糖\"]','2022-08-09 16:28:23','2022-08-09 16:28:23',1,1,1),(1557220363069882369,1556919946742091777,'温度','[\"热饮\",\"常温\",\"去冰\",\"少冰\",\"多冰\"]','2022-08-10 12:20:41','2022-08-10 12:20:41',1,1,1),(1557220363069882370,1556919946742091777,'甜味','[\"无糖\",\"少糖\",\"半糖\",\"多糖\",\"全糖\"]','2022-08-10 12:20:41','2022-08-10 12:20:41',1,1,1),(1557892246111088642,1556462951492788226,'忌口','[\"不要葱\",\"不要蒜\",\"不要香菜\",\"不要辣\"]','2022-08-12 08:50:30','2022-08-12 08:50:30',1,1,0),(1557892324758482946,1413384757047271425,'温度','[\"常温\",\"冷藏\"]','2022-08-12 08:50:49','2022-08-12 08:50:49',1,1,0),(1557893955113807873,1556919946742091777,'温度','[\"热饮\",\"常温\",\"去冰\",\"少冰\",\"多冰\"]','2022-08-12 08:57:18','2022-08-12 08:57:18',1,1,0),(1557893955113807874,1556919946742091777,'甜味','[\"无糖\",\"少糖\",\"半糖\",\"多糖\",\"全糖\"]','2022-08-12 08:57:18','2022-08-12 08:57:18',1,1,0),(1558289338100977665,1397851370462687234,'温度','[\"热饮\",\"常温\",\"去冰\",\"少冰\",\"多冰\"]','2022-08-13 11:08:24','2022-08-13 11:08:24',1,1,1),(1558289338100977666,1397851370462687234,'忌口','[\"不要葱\",\"不要蒜\",\"不要香菜\",\"不要辣\"]','2022-08-13 11:08:24','2022-08-13 11:08:24',1,1,1),(1558289338100977667,1397851370462687234,'辣度','[\"不辣\",\"微辣\",\"中辣\",\"重辣\"]','2022-08-13 11:08:24','2022-08-13 11:08:24',1,1,1),(1558289402785533954,1397851370462687234,'温度','[\"热饮\",\"常温\",\"去冰\",\"少冰\",\"多冰\"]','2022-08-13 11:08:40','2022-08-13 11:08:40',1,1,1),(1558289402785533955,1397851370462687234,'忌口','[\"不要葱\",\"不要蒜\",\"不要香菜\",\"不要辣\"]','2022-08-13 11:08:40','2022-08-13 11:08:40',1,1,1),(1558289402785533956,1397851370462687234,'辣度','[\"不辣\",\"微辣\",\"中辣\",\"重辣\"]','2022-08-13 11:08:40','2022-08-13 11:08:40',1,1,1),(1558289486436732930,1397851370462687234,'温度','[\"热饮\",\"常温\",\"去冰\",\"少冰\",\"多冰\"]','2022-08-13 11:09:00','2022-08-13 11:09:00',1,1,1),(1558289486436732931,1397851370462687234,'忌口','[\"不要葱\",\"不要蒜\",\"不要香菜\",\"不要辣\"]','2022-08-13 11:09:00','2022-08-13 11:09:00',1,1,1),(1558289486436732932,1397851370462687234,'辣度','[\"不辣\",\"微辣\",\"中辣\",\"重辣\"]','2022-08-13 11:09:00','2022-08-13 11:09:00',1,1,1),(1558289532003651585,1397851370462687234,'温度','[\"热饮\",\"常温\",\"去冰\",\"少冰\",\"多冰\"]','2022-08-13 11:09:11','2022-08-13 11:09:11',1,1,1),(1558289532003651586,1397851370462687234,'忌口','[\"不要葱\",\"不要蒜\",\"不要香菜\",\"不要辣\"]','2022-08-13 11:09:11','2022-08-13 11:09:11',1,1,1),(1558289532003651587,1397851370462687234,'辣度','[\"不辣\",\"微辣\",\"中辣\",\"重辣\"]','2022-08-13 11:09:11','2022-08-13 11:09:11',1,1,1),(1558290674901159938,1397851370462687234,'温度','[\"常温\",\"去冰\",\"少冰\",\"多冰\"]','2022-08-13 11:13:43','2022-08-13 11:13:43',1,1,1),(1558290674901159939,1397851370462687234,'忌口','[\"不要葱\",\"不要蒜\",\"不要香菜\",\"不要辣\"]','2022-08-13 11:13:43','2022-08-13 11:13:43',1,1,1),(1558290674901159940,1397851370462687234,'辣度','[\"不辣\",\"微辣\",\"中辣\",\"重辣\"]','2022-08-13 11:13:43','2022-08-13 11:13:43',1,1,1),(1558293214715813889,1397860792492666881,'辣度','[\"不辣\",\"微辣\",\"中辣\",\"重辣\"]','2022-08-13 11:23:49','2022-08-13 11:23:49',1,1,1),(1558293855056011266,1397851370462687234,'辣度','[\"不辣\",\"微辣\",\"中辣\",\"重辣\"]','2022-08-13 11:26:21','2022-08-13 11:26:21',1,1,0),(1558293855056011267,1397851370462687234,'温度','[\"热饮\",\"常温\",\"去冰\",\"少冰\",\"多冰\"]','2022-08-13 11:26:21','2022-08-13 11:26:21',1,1,0),(1558293855056011268,1397851370462687234,'忌口','[\"不要葱\",\"不要蒜\",\"不要香菜\",\"不要辣\"]','2022-08-13 11:26:21','2022-08-13 11:26:21',1,1,0),(1558638366340792321,1556920311625568257,'辣度','[\"不辣\",\"微辣\",\"中辣\",\"重辣\"]','2022-08-14 10:15:19','2022-08-14 10:15:19',1,1,0),(1558638366340792322,1556920311625568257,'忌口','[\"不要葱\",\"不要蒜\",\"不要香菜\",\"不要辣\"]','2022-08-14 10:15:19','2022-08-14 10:15:19',1,1,0),(1558638366357569538,1556920311625568257,'甜味','[\"无糖\",\"少糖\",\"半糖\",\"多糖\",\"全糖\"]','2022-08-14 10:15:19','2022-08-14 10:15:19',1,1,0),(1558705288013000706,1558705288013000705,'甜味','[\"无糖\",\"少糖\",\"半糖\",\"多糖\",\"全糖\"]','2022-08-14 14:41:15','2022-08-14 14:41:15',1,1,0),(1558705288063332353,1558705288013000705,'忌口','[\"不要葱\",\"不要蒜\",\"不要香菜\",\"不要辣\"]','2022-08-14 14:41:15','2022-08-14 14:41:15',1,1,0),(1558705288063332354,1558705288013000705,'辣度','[\"不辣\",\"微辣\",\"中辣\",\"重辣\"]','2022-08-14 14:41:15','2022-08-14 14:41:15',1,1,0),(1559363129388392450,1413342036832100354,'温度','[\"常温\",\"冷藏\"]','2022-08-16 10:15:16','2022-08-16 10:15:16',1,1,0),(1559366294074556418,1397862198033297410,'忌口','[\"不要葱\",\"不要蒜\",\"不要香菜\",\"不要辣\"]','2022-08-16 10:27:51','2022-08-16 10:27:51',1,1,0),(1559366435376463873,1397853890262118402,'辣度','[\"不辣\",\"微辣\",\"中辣\",\"重辣\"]','2022-08-16 10:28:24','2022-08-16 10:28:24',1,1,0),(1559366492892954626,1397853183287013378,'辣度','[\"不辣\",\"微辣\",\"中辣\",\"重辣\"]','2022-08-16 10:28:38','2022-08-16 10:28:38',1,1,0),(1559366641207738370,1397854865672679425,'辣度','[\"不辣\",\"微辣\",\"中辣\",\"重辣\"]','2022-08-16 10:29:14','2022-08-16 10:29:14',1,1,0),(1559366744643469314,1397849739276890114,'忌口','[\"不要葱\",\"不要蒜\",\"不要香菜\",\"不要辣\"]','2022-08-16 10:29:38','2022-08-16 10:29:38',1,1,0),(1559366744643469315,1397849739276890114,'辣度','[\"不辣\",\"微辣\",\"中辣\",\"重辣\"]','2022-08-16 10:29:38','2022-08-16 10:29:38',1,1,0),(1559366795801395202,1397860963880316929,'辣度','[\"不辣\",\"微辣\",\"中辣\",\"重辣\"]','2022-08-16 10:29:50','2022-08-16 10:29:50',1,1,0),(1559366846325981186,1397862477831122945,'辣度','[\"不辣\",\"微辣\",\"中辣\"]','2022-08-16 10:30:02','2022-08-16 10:30:02',1,1,0),(1559366918816137217,1397861683434139649,'忌口','[\"不要葱\",\"不要蒜\",\"不要香菜\",\"不要辣\"]','2022-08-16 10:30:20','2022-08-16 10:30:20',1,1,0),(1559366990064779266,1397860242057375745,'辣度','[\"不辣\",\"微辣\",\"中辣\",\"重辣\"]','2022-08-16 10:30:37','2022-08-16 10:30:37',1,1,0),(1559367125150728193,1397854652581064706,'忌口','[\"不要葱\",\"不要蒜\",\"不要香菜\",\"不要辣\"]','2022-08-16 10:31:09','2022-08-16 10:31:09',1,1,0),(1559367125167505410,1397854652581064706,'辣度','[\"不辣\",\"微辣\",\"中辣\",\"重辣\"]','2022-08-16 10:31:09','2022-08-16 10:31:09',1,1,0),(1559367200597868545,1397853709101740034,'忌口','[\"不要葱\",\"不要蒜\",\"不要香菜\",\"不要辣\"]','2022-08-16 10:31:27','2022-08-16 10:31:27',1,1,0),(1559367250241650690,1397852391150759938,'忌口','[\"不要葱\",\"不要香菜\",\"不要辣\"]','2022-08-16 10:31:39','2022-08-16 10:31:39',1,1,0),(1559367250241650691,1397852391150759938,'辣度','[\"不辣\",\"微辣\",\"重辣\"]','2022-08-16 10:31:39','2022-08-16 10:31:39',1,1,0),(1559367331317547009,1397851668262465537,'温度','[\"热饮\",\"常温\",\"去冰\",\"少冰\",\"多冰\"]','2022-08-16 10:31:58','2022-08-16 10:31:58',1,1,0),(1559367428965138433,1397851099502260226,'忌口','[\"不要葱\",\"不要蒜\",\"不要香菜\",\"不要辣\"]','2022-08-16 10:32:21','2022-08-16 10:32:21',1,1,0),(1559367428965138434,1397851099502260226,'辣度','[\"不辣\",\"微辣\",\"中辣\"]','2022-08-16 10:32:21','2022-08-16 10:32:21',1,1,0),(1559367488092241921,1397850851245600769,'忌口','[\"不要蒜\",\"不要香菜\",\"不要辣\"]','2022-08-16 10:32:35','2022-08-16 10:32:35',1,1,0),(1559367488092241922,1397850851245600769,'辣度','[\"不辣\",\"微辣\",\"中辣\",\"重辣\"]','2022-08-16 10:32:35','2022-08-16 10:32:35',1,1,0),(1559367544488853506,1397850392090947585,'辣度','[\"不辣\",\"微辣\",\"中辣\",\"重辣\"]','2022-08-16 10:32:49','2022-08-16 10:32:49',1,1,0),(1559367544488853507,1397850392090947585,'辣度','[\"不辣\",\"微辣\",\"中辣\",\"重辣\"]','2022-08-16 10:32:49','2022-08-16 10:32:49',1,1,0),(1559367578424967170,1397850140982161409,'忌口','[\"不要葱\",\"不要蒜\",\"不要香菜\",\"不要辣\"]','2022-08-16 10:32:57','2022-08-16 10:32:57',1,1,0),(1559367578424967171,1397850140982161409,'辣度','[\"不辣\",\"微辣\",\"中辣\",\"重辣\"]','2022-08-16 10:32:57','2022-08-16 10:32:57',1,1,0);
/*!40000 ALTER TABLE `dish_flavor` ENABLE KEYS */;
UNLOCK TABLES;

--
-- Table structure for table `employee`
--

DROP TABLE IF EXISTS `employee`;
/*!40101 SET @saved_cs_client     = @@character_set_client */;
/*!40101 SET character_set_client = utf8 */;
CREATE TABLE `employee` (
  `id` bigint(20) NOT NULL COMMENT '主键',
  `name` varchar(32) COLLATE utf8_bin NOT NULL COMMENT '姓名',
  `username` varchar(32) COLLATE utf8_bin NOT NULL COMMENT '用户名',
  `password` varchar(64) COLLATE utf8_bin NOT NULL COMMENT '密码',
  `phone` varchar(11) COLLATE utf8_bin NOT NULL COMMENT '手机号',
  `sex` varchar(2) COLLATE utf8_bin NOT NULL COMMENT '性别',
  `id_number` varchar(18) COLLATE utf8_bin NOT NULL COMMENT '身份证号',
  `status` int(11) NOT NULL DEFAULT '1' COMMENT '状态 0:禁用，1:正常',
  `create_time` datetime NOT NULL COMMENT '创建时间',
  `update_time` datetime NOT NULL COMMENT '更新时间',
  `create_user` bigint(20) NOT NULL COMMENT '创建人',
  `update_user` bigint(20) NOT NULL COMMENT '修改人',
  PRIMARY KEY (`id`) USING BTREE,
  UNIQUE KEY `idx_username` (`username`)
) ENGINE=InnoDB DEFAULT CHARSET=utf8 COLLATE=utf8_bin COMMENT='员工信息';
/*!40101 SET character_set_client = @saved_cs_client */;

--
-- Dumping data for table `employee`
--

LOCK TABLES `employee` WRITE;
/*!40000 ALTER TABLE `employee` DISABLE KEYS */;
INSERT INTO `employee` VALUES (1,'管理员','admin','$2a$10$xZvpyRbC996AIBVYAUqIDe39u7qoMmtDRAxR879zNULhqSWdUjLim','13812312312','1','110101199001010047',1,'2021-05-06 17:20:07','2021-05-10 02:24:09',1,1),(1555820349231841282,'张三','zhangsan','$2a$10$1wZpRzqwIEreehRDyqmQ0e3kWYTT73ngm2vgZNHSlkdL2z9AiG792','13428768493','1','987574839485768543',1,'2022-08-06 15:37:32','2022-08-06 15:37:32',1,1),(1555822313420095490,'李四','lisi','$2a$10$RsiRyGgaVyiOpJ.1PBt3AO4hGdKQNz2Gpi5yEhNF2UtG1vn2u16DG','13457684978','1','876599997777555590',1,'2022-08-06 15:45:20','2022-08-06 15:45:20',1,1),(1555840784283590658,'王五','wangwu','$2a$10$AGX65QUIbJUG8zZOIYIUiefrnfh3asxlZbTT9fJLfbVqaGHN4dhXe','13298593783','1','987888884444987878',1,'2022-08-06 16:58:44','2022-08-06 16:58:44',1,1),(1555840936759123969,'赵六','zhaoliu','$2a$10$HksBYVo8ORSPwUOVY/0UUuoeTLeuN1B6to8ySTm.vY18ZIq7y8Wui','18839247583','1','888855554444878769',1,'2022-08-06 16:59:20','2022-08-06 16:59:20',1,1),(1555841913524445185,'李六','liliu','$2a$10$3O0ulIk.PZ9HTH7QtSZxqOidyBjtRDifKVy/5TXETUYiMrDc2FLRm','15385758493','1','123455550000999989',1,'2022-08-06 17:03:13','2022-08-15 09:52:21',1,1),(1555842016687546369,'正六','zhengliu','$2a$10$U9ljy8iHnr4qbn1ycKaCFOzuv5i.NcJVTckwTU6Uew6k5e6Pgsmza','18236475789','1','999900007777888838',1,'2022-08-06 17:03:38','2022-08-07 08:24:50',1,1),(1556082149609254914,'田七','tianqi','$2a$10$sgI3potIel5nUrDEPMtfP.7jCbzZSVa26iTmgiCXULSwckmFp.9fK','13122228098','1','999988887777666654',1,'2022-08-07 08:58:10','2022-08-10 11:43:56',1,1),(1566665006241021954,'岛市老八','daoshilaoba','$2a$10$wIqKKtFbKSTzhx9R2YSQpuoZwEj.D0xmG7tGT0sGeYQut5EyTXv2a','13178905678','1','123490988888594838',0,'2022-09-05 13:50:19','2022-09-06 09:55:08',1,1);
/*!40000 ALTER TABLE `employee` ENABLE KEYS */;
UNLOCK TABLES;

--
-- Table structure for table `order_detail`
--

DROP TABLE IF EXISTS `order_detail`;
/*!40101 SET @saved_cs_client     = @@character_set_client */;
/*!40101 SET character_set_client = utf8 */;
CREATE TABLE `order_detail` (
  `id` bigint(20) NOT NULL COMMENT '主键',
  `name` varchar(50) COLLATE utf8_bin DEFAULT NULL COMMENT '名字',
  `image` varchar(100) COLLATE utf8_bin DEFAULT NULL COMMENT '图片',
  `order_id` bigint(20) NOT NULL COMMENT '订单id',
  `dish_id` bigint(20) DEFAULT NULL COMMENT '菜品id',
  `setmeal_id` bigint(20) DEFAULT NULL COMMENT '套餐id',
  `dish_flavor` varchar(50) COLLATE utf8_bin DEFAULT NULL COMMENT '口味',
  `number` int(11) NOT NULL DEFAULT '1' COMMENT '数量',
  `amount` decimal(10,2) NOT NULL COMMENT '金额',
  PRIMARY KEY (`id`) USING BTREE
) ENGINE=InnoDB DEFAULT CHARSET=utf8 COLLATE=utf8_bin COMMENT='订单明细表';
/*!40101 SET character_set_client = @saved_cs_client */;

--
-- Dumping data for table `order_detail`
--

LOCK TABLES `order_detail` WRITE;
/*!40000 ALTER TABLE `order_detail` DISABLE KEYS */;
INSERT INTO `order_detail` VALUES (1558006135712739330,'刀哥的皮炎痣','4e8570d3-b09a-446b-86d9-157476895de9.jpeg',1558006135649824769,1556920311625568257,NULL,'中辣,不要蒜,少糖',1,400.00),(1558007069238980612,'清蒸河鲜海鲜','1405081e-f545-42e1-86a2-f7559ae2e276.jpeg',1558007069238980610,1397861683434139649,NULL,'不要辣',2,388.00),(1558007069238980613,'米饭','87581109-b035-4e7a-a996-db02ec7c0d2c.png',1558007069238980610,1413385247889891330,NULL,NULL,7,2.00),(1558007702910234627,'商务套餐B计划','1afe313e-109f-441f-abe0-74daed9fdf85.jpeg',1558007702910234625,NULL,1557200185460355073,NULL,1,180.00),(1558007702910234628,'商务套餐C计划','17176b3a-70d6-4acc-a5b2-a2b1b118e27c.jpg',1558007702910234625,NULL,1556988285078327298,NULL,1,100.00),(1558008088207388675,'刀哥粉尸专属套餐（双人）','a7a958e1-55cc-4a36-8703-76fb3511ab47.png',1558008088207388673,NULL,1557894905664729090,NULL,3,800.00),(1558008088207388676,'刀哥粉尸专属套餐','62a1e6d1-fe41-4a22-b1d9-5b0cee0686fa.png',1558008088207388673,NULL,1556977735422189570,NULL,2,652.00),(1558008088207388677,'辣子鸡','f966a38e-0780-40be-bb52-5699d13cb3d9.jpg',1558008088207388673,1397849739276890114,NULL,'不要蒜,微辣',1,78.00),(1558008088207388678,'好果汁','290993b5-ea0d-4e7e-b56c-22e9b8c881da.png',1558008088207388673,1556919946742091777,NULL,'去冰,多糖',8,30.00),(1558008088207388679,'冰红茶滴水','d18e36a5-2581-4d2b-8a79-0f7f25d8b3b6.png',1558008088207388673,1556462951492788226,NULL,'不要蒜',4,250.00),(1558008232910876676,'刀哥的皮炎痣','4e8570d3-b09a-446b-86d9-157476895de9.jpeg',1558008232910876674,1556920311625568257,NULL,'不辣,不要葱,无糖',1,400.00),(1558008232910876677,'鱼香肉丝','8dcfda14-5712-4d28-82f7-ae905b3c2308.jpg',1558008232910876674,1397853890262118402,NULL,'重辣',5,38.00),(1558008375269748739,'脆皮烧鹅','e476f679-5c15-436b-87fa-8c4e9644bf33.jpeg',1558008375269748737,1397860242057375745,NULL,'重辣',2,128.00),(1558008546263134211,'儿童套餐A计划','61d20592-b37f-4d72-a864-07ad5bb8f3bb.jpg',1558008546263134209,NULL,1415580119015145474,NULL,1,40.00),(1558008546263134212,'北冰洋','c99e0aab-3cb7-4eaa-80fd-f47d4ffea694.png',1558008546263134209,1413342036832100354,NULL,'冷藏',9,5.00),(1558008906834866180,'辣子鸡丁','ef2b73f2-75d1-4d3a-beea-22da0e1421bd.jpg',1558008906834866178,1397852391150759938,NULL,'不要香菜,重辣',1,88.00),(1558008906834866181,'商务套餐C计划','17176b3a-70d6-4acc-a5b2-a2b1b118e27c.jpg',1558008906834866178,NULL,1556988285078327298,NULL,1,100.00),(1558008906834866182,'白切鸡','9ec6fc2d-50d2-422e-b954-de87dcd04198.jpeg',1558008906834866178,1397860578738352129,NULL,NULL,1,66.00),(1558009523741487107,'刀哥粉尸专属套餐（双人）','a7a958e1-55cc-4a36-8703-76fb3511ab47.png',1558009523741487105,NULL,1557894905664729090,NULL,1,800.00),(1558009523741487108,'好果汁','290993b5-ea0d-4e7e-b56c-22e9b8c881da.png',1558009523741487105,1556919946742091777,NULL,'热饮,全糖',2,30.00),(1558009523741487109,'冰红茶滴水','d18e36a5-2581-4d2b-8a79-0f7f25d8b3b6.png',1558009523741487105,1556462951492788226,NULL,'不要蒜',2,250.00),(1558274908139094017,'儿童套餐A计划','61d20592-b37f-4d72-a864-07ad5bb8f3bb.jpg',1558274908071985153,NULL,1415580119015145474,NULL,3,40.00),(1558274908139094018,'鱼香肉丝','8dcfda14-5712-4d28-82f7-ae905b3c2308.jpg',1558274908071985153,1397853890262118402,NULL,'不辣',1,38.00),(1558274908139094019,'白切鸡','9ec6fc2d-50d2-422e-b954-de87dcd04198.jpeg',1558274908071985153,1397860578738352129,NULL,NULL,2,66.00),(1558275401984835588,'烤乳猪','2e96a7e3-affb-438e-b7c3-e1430df425c9.jpeg',1558275401984835586,1397860792492666881,NULL,NULL,2,388.00),(1558275401984835589,'儿童套餐A计划','61d20592-b37f-4d72-a864-07ad5bb8f3bb.jpg',1558275401984835586,NULL,1415580119015145474,NULL,3,40.00),(1558275401984835590,'邵阳猪血丸子','2a50628e-7758-4c51-9fbb-d37c61cdacad.jpg',1558275401984835586,1397851370462687234,NULL,'热饮,不要蒜,微辣',1,138.00),(1558995704637677570,'辣子鸡丁','ef2b73f2-75d1-4d3a-beea-22da0e1421bd.jpg',1558995704524431361,1397852391150759938,NULL,'不要香菜,重辣',1,88.00),(1558995704650260481,'商务套餐C计划','17176b3a-70d6-4acc-a5b2-a2b1b118e27c.jpg',1558995704524431361,NULL,1556988285078327298,NULL,1,100.00),(1558995704650260482,'白切鸡','9ec6fc2d-50d2-422e-b954-de87dcd04198.jpeg',1558995704524431361,1397860578738352129,NULL,NULL,1,66.00),(1559532566171181057,'老八深夜食堂套餐A','cb3e8406-2fc2-4317-bfa4-a45670683359.png',1559532566104072194,NULL,1558712204701282305,NULL,2,140.00),(1559532566183763970,'刀哥粉尸专属套餐（双人）','a7a958e1-55cc-4a36-8703-76fb3511ab47.png',1559532566104072194,NULL,1557894905664729090,NULL,1,800.00),(1559532566183763971,'冰红茶滴水','d18e36a5-2581-4d2b-8a79-0f7f25d8b3b6.png',1559532566104072194,1556462951492788226,NULL,'不要辣',2,250.00),(1559532566183763972,'好果汁','290993b5-ea0d-4e7e-b56c-22e9b8c881da.png',1559532566104072194,1556919946742091777,NULL,'多冰,全糖',5,30.00);
/*!40000 ALTER TABLE `order_detail` ENABLE KEYS */;
UNLOCK TABLES;

--
-- Table structure for table `orders`
--

DROP TABLE IF EXISTS `orders`;
/*!40101 SET @saved_cs_client     = @@character_set_client */;
/*!40101 SET character_set_client = utf8 */;
CREATE TABLE `orders` (
  `id` bigint(20) NOT NULL COMMENT '主键',
  `number` varchar(50) COLLATE utf8_bin DEFAULT NULL COMMENT '订单号',
  `status` int(11) NOT NULL DEFAULT '1' COMMENT '订单状态 1待付款，2待派送，3已派送，4已完成，5已取消',
  `user_id` bigint(20) NOT NULL COMMENT '下单用户',
  `address_book_id` bigint(20) NOT NULL COMMENT '地址id',
  `order_time` datetime NOT NULL COMMENT '下单时间',
  `checkout_time` datetime NOT NULL COMMENT '结账时间',
  `pay_method` int(11) NOT NULL DEFAULT '1' COMMENT '支付方式 1微信,2支付宝',
  `amount` decimal(10,2) NOT NULL COMMENT '实收金额',
  `remark` varchar(100) COLLATE utf8_bin DEFAULT NULL COMMENT '备注',
  `phone` varchar(255) COLLATE utf8_bin DEFAULT NULL,
  `address` varchar(255) COLLATE utf8_bin DEFAULT NULL,
  `user_name` varchar(255) COLLATE utf8_bin DEFAULT NULL,
  `consignee` varchar(255) COLLATE utf8_bin DEFAULT NULL,
  PRIMARY KEY (`id`) USING BTREE
) ENGINE=InnoDB DEFAULT CHARSET=utf8 COLLATE=utf8_bin COMMENT='订单表';
/*!40101 SET character_set_client = @saved_cs_client */;

--
-- Dumping data for table `orders`
--

LOCK TABLES `orders` WRITE;
/*!40000 ALTER TABLE `orders` DISABLE KEYS */;
INSERT INTO `orders` VALUES (1558006135649824770,'1558006135649824769',2,1557528809312960513,1557917907974397954,'2022-08-12 16:23:04','2022-08-12 16:23:04',1,400.00,'AQA芭蕾，EQE亏内，代表着开心，代表着快乐，OK了家人们','13145678976','理塘世界最高城',NULL,'刘建龙'),(1558007069238980611,'1558007069238980610',2,1557528809312960513,1558005717016342530,'2022-08-12 16:26:46','2022-08-12 16:26:46',1,790.00,'你根本没在动物园，你躲哪去了？','18745679823','哈尔滨中央大街',NULL,'张志轩'),(1558007702910234626,'1558007702910234625',4,1557527462182199298,1557546630466031617,'2022-08-12 16:29:17','2022-08-12 16:29:17',1,280.00,'新收的徒弟点点关注，双击！双击！！！','18544445566','白城市整蛊医院',NULL,'柴浩'),(1558008088207388674,'1558008088207388673',4,1557527462182199298,1557558593736749058,'2022-08-12 16:30:49','2022-08-12 16:30:49',1,5022.00,'这叫单手运球','18544445578','沈阳市五月古筝私塾',NULL,'关瑞生'),(1558008232910876675,'1558008232910876674',2,1557527462182199298,1557558829813149698,'2022-08-12 16:31:24','2022-08-12 16:31:24',1,590.00,'大专人，大专魂，大专要做人上人','18544445566','广州轻工业职业技术学院',NULL,'陈义'),(1558008375269748738,'1558008375269748737',2,1557527462182199298,1557558829813149698,'2022-08-12 16:31:58','2022-08-12 16:31:58',1,256.00,'谁买电子烟，谁妈必升天','18544445566','广州轻工业职业技术学院',NULL,'陈义'),(1558008546263134210,'1558008546263134209',3,1557527462182199298,1557558829813149698,'2022-08-12 16:32:38','2022-08-12 16:32:38',1,85.00,'中国保安队，扛起枪来就是兵','18544445566','广州轻工业职业技术学院',NULL,'陈义'),(1558008906834866179,'1558008906834866178',4,1557527462182199298,1557546630466031617,'2022-08-12 16:34:04','2022-08-12 16:34:04',1,254.00,'要么给我500块钱，要么给我500Q币','18544445566','白城市整蛊医院',NULL,'柴浩'),(1558009523741487106,'1558009523741487105',4,1557527462182199298,1557546630466031617,'2022-08-12 16:36:32','2022-08-12 16:36:32',1,1360.00,'今日你瞧我不起，他日我让你高攀不上','18544445566','白城市整蛊医院',NULL,'柴浩'),(1558274908071985154,'1558274908071985153',4,1557527462182199298,1557546630466031617,'2022-08-13 10:11:04','2022-08-13 10:11:04',1,290.00,'黑牛白牛dell沈阳了','18544445566','白城市整蛊医院',NULL,'柴浩'),(1558275401984835587,'1558275401984835586',4,1557527462182199298,1557546630466031617,'2022-08-13 10:13:02','2022-08-13 10:13:02',1,1034.00,'俩傻篮子，就是那个舒克贝塔','18544445566','白城市整蛊医院',NULL,'柴浩'),(1558995704532819969,'1558995704524431361',2,1557527462182199298,1557546630466031617,'2022-08-15 09:55:15','2022-08-15 09:55:15',1,254.00,'别一天天老整那说唱，又是另类的，sei不会啊','18544445566','白城市整蛊医院',NULL,'柴浩'),(1559532566116655105,'1559532566104072194',2,1557529936033058818,1559532501067194369,'2022-08-16 21:28:33','2022-08-16 21:28:33',1,1730.00,'奥利给干了兄弟们','13278905678','大专人',NULL,'陈义');
/*!40000 ALTER TABLE `orders` ENABLE KEYS */;
UNLOCK TABLES;

--
-- Table structure for table `setmeal`
--

DROP TABLE IF EXISTS `setmeal`;
/*!40101 SET @saved_cs_client     = @@character_set_client */;
/*!40101 SET character_set_client = utf8 */;
CREATE TABLE `setmeal` (
  `id` bigint(20) NOT NULL COMMENT '主键',
  `category_id` bigint(20) NOT NULL COMMENT '菜品分类id',
  `name` varchar(64) COLLATE utf8_bin NOT NULL COMMENT '套餐名称',
  `price` decimal(10,2) NOT NULL COMMENT '套餐价格',
  `status` int(11) DEFAULT NULL COMMENT '状态 0:停用 1:启用',
  `code` varchar(32) COLLATE utf8_bin DEFAULT NULL COMMENT '编码',
  `description` varchar(512) COLLATE utf8_bin DEFAULT NULL COMMENT '描述信息',
  `image` varchar(255) COLLATE utf8_bin DEFAULT NULL COMMENT '图片',
  `create_time` datetime NOT NULL COMMENT '创建时间',
  `update_time` datetime NOT NULL COMMENT '更新时间',
  `create_user` bigint(20) NOT NULL COMMENT '创建人',
  `update_user` bigint(20) NOT NULL COMMENT '修改人',
  `is_deleted` int(11) NOT NULL DEFAULT '0' COMMENT '是否删除',
  PRIMARY KEY (`id`) USING BTREE,
  UNIQUE KEY `idx_setmeal_name` (`name`)
) ENGINE=InnoDB DEFAULT CHARSET=utf8 COLLATE=utf8_bin COMMENT='套餐';
/*!40101 SET character_set_client = @saved_cs_client */;

--
-- Dumping data for table `setmeal`
--

LOCK TABLES `setmeal` WRITE;
/*!40000 ALTER TABLE `setmeal` DISABLE KEYS */;
INSERT INTO `setmeal` VALUES (1415580119015145474,1413386191767674881,'儿童套餐A计划',4000.00,1,'','','91f8db47-5368-4807-a25d-aa0d764d076e.png','2021-07-15 15:52:55','2022-08-16 10:38:24',1415576781934608386,1,0),(1556977735422189570,1413386191767674881,'刀哥粉尸专属套餐',65200.00,1,'','没有活谁给你刷礼物','62a1e6d1-fe41-4a22-b1d9-5b0cee0686fa.png','2022-08-09 20:16:34','2022-08-10 17:31:53',1,1,0),(1556987964402814978,1413342269393674242,'商务套餐A计划（双人）',17000.00,1,'','普通的商务套餐A','9c560c9f-4fe5-4091-a4bb-cacbaa7a582b.jpg','2022-08-09 20:57:13','2022-08-10 17:31:53',1,1,0),(1556988285078327298,1413342269393674242,'商务套餐C计划',10000.00,1,'','普通的商务套餐C','17176b3a-70d6-4acc-a5b2-a2b1b118e27c.jpg','2022-08-09 20:58:29','2022-08-10 17:31:53',1,1,0),(1557200185460355073,1413342269393674242,'商务套餐B计划',18000.00,1,'','普通的商务套餐B','1afe313e-109f-441f-abe0-74daed9fdf85.jpeg','2022-08-10 11:00:30','2022-08-10 17:31:53',1,1,0),(1557894905664729090,1413386191767674881,'刀哥粉尸专属套餐（双人）',80000.00,1,'','到沈阳指定没你好果汁吃','a7a958e1-55cc-4a36-8703-76fb3511ab47.png','2022-08-12 09:01:04','2022-08-12 09:01:04',1,1,0),(1558712204701282305,1556098734763880450,'老八深夜食堂套餐A',14000.00,1,'','老铁们啊，虽然不是同一时间，但是是同一个撤硕儿','cb3e8406-2fc2-4317-bfa4-a45670683359.png','2022-08-14 15:08:44','2022-08-14 17:17:35',1,1,0);
/*!40000 ALTER TABLE `setmeal` ENABLE KEYS */;
UNLOCK TABLES;

--
-- Table structure for table `setmeal_dish`
--

DROP TABLE IF EXISTS `setmeal_dish`;
/*!40101 SET @saved_cs_client     = @@character_set_client */;
/*!40101 SET character_set_client = utf8 */;
CREATE TABLE `setmeal_dish` (
  `id` bigint(20) NOT NULL COMMENT '主键',
  `setmeal_id` varchar(32) COLLATE utf8_bin NOT NULL COMMENT '套餐id ',
  `dish_id` varchar(32) COLLATE utf8_bin NOT NULL COMMENT '菜品id',
  `name` varchar(32) COLLATE utf8_bin DEFAULT NULL COMMENT '菜品名称 （冗余字段）',
  `price` decimal(10,2) DEFAULT NULL COMMENT '菜品原价（冗余字段）',
  `copies` int(11) NOT NULL COMMENT '份数',
  `sort` int(11) NOT NULL DEFAULT '0' COMMENT '排序',
  `create_time` datetime NOT NULL COMMENT '创建时间',
  `update_time` datetime NOT NULL COMMENT '更新时间',
  `create_user` bigint(20) NOT NULL COMMENT '创建人',
  `update_user` bigint(20) NOT NULL COMMENT '修改人',
  `is_deleted` int(11) NOT NULL DEFAULT '0' COMMENT '是否删除',
  PRIMARY KEY (`id`) USING BTREE
) ENGINE=InnoDB DEFAULT CHARSET=utf8 COLLATE=utf8_bin COMMENT='套餐菜品关系';
/*!40101 SET character_set_client = @saved_cs_client */;

--
-- Dumping data for table `setmeal_dish`
--

LOCK TABLES `setmeal_dish` WRITE;
/*!40000 ALTER TABLE `setmeal_dish` DISABLE KEYS */;
INSERT INTO `setmeal_dish` VALUES (1415580119052894209,'1415580119015145474','1397862198033297410','老火靓汤',49800.00,1,0,'2021-07-15 15:52:55','2021-07-15 15:52:55',1415576781934608386,1415576781934608386,1),(1415580119061282817,'1415580119015145474','1413342036832100354','北冰洋',500.00,1,0,'2021-07-15 15:52:55','2021-07-15 15:52:55',1415576781934608386,1415576781934608386,1),(1415580119069671426,'1415580119015145474','1413385247889891330','米饭',200.00,1,0,'2021-07-15 15:52:55','2021-07-15 15:52:55',1415576781934608386,1415576781934608386,1),(1556977837469605889,'1556977735422189570','1556920311625568257','刀哥的皮炎痣',40000.00,1,0,'2022-08-09 20:16:58','2022-08-09 20:16:58',1,1,0),(1556977837482188801,'1556977735422189570','1556462951492788226','冰红茶滴水',25000.00,1,0,'2022-08-09 20:16:58','2022-08-09 20:16:58',1,1,0),(1556977837486383105,'1556977735422189570','1413385247889891330','米饭',200.00,1,0,'2022-08-09 20:16:58','2022-08-09 20:16:58',1,1,0),(1557198001750536194,'1556988285078327298','1397853890262118402','鱼香肉丝',3800.00,1,0,'2022-08-10 10:51:50','2022-08-10 10:51:50',1,1,0),(1557198001750536195,'1556988285078327298','1397860578738352129','白切鸡',6600.00,1,0,'2022-08-10 10:51:50','2022-08-10 10:51:50',1,1,0),(1557198001750536196,'1556988285078327298','1413384757047271425','王老吉',500.00,1,0,'2022-08-10 10:51:50','2022-08-10 10:51:50',1,1,0),(1557198001750536197,'1556988285078327298','1413385247889891330','米饭',200.00,1,0,'2022-08-10 10:51:50','2022-08-10 10:51:50',1,1,0),(1557207350656974850,'1557200185460355073','1397853183287013378','麻辣兔头',19800.00,1,0,'2022-08-10 11:28:59','2022-08-10 11:28:59',1,1,0),(1557207350656974851,'1557200185460355073','1413342036832100354','北冰洋',500.00,1,0,'2022-08-10 11:28:59','2022-08-10 11:28:59',1,1,0),(1557207350656974852,'1557200185460355073','1413385247889891330','米饭',200.00,1,0,'2022-08-10 11:28:59','2022-08-10 11:28:59',1,1,0),(1557220287421415425,'1556987964402814978','1397860578738352129','白切鸡',6600.00,2,0,'2022-08-10 12:20:23','2022-08-10 12:20:23',1,1,0),(1557220287421415426,'1556987964402814978','1413384757047271425','王老吉',500.00,2,0,'2022-08-10 12:20:23','2022-08-10 12:20:23',1,1,0),(1557220287421415427,'1556987964402814978','1413385247889891330','米饭',200.00,2,0,'2022-08-10 12:20:23','2022-08-10 12:20:23',1,1,0),(1557894905664729091,'1557894905664729090','1556920311625568257','刀哥的皮炎痣',40000.00,1,0,'2022-08-12 09:01:04','2022-08-12 09:01:04',1,1,0),(1557894905664729092,'1557894905664729090','1556462951492788226','冰红茶滴水',25000.00,2,0,'2022-08-12 09:01:04','2022-08-12 09:01:04',1,1,0),(1557894905664729093,'1557894905664729090','1413385247889891330','米饭',200.00,2,0,'2022-08-12 09:01:04','2022-08-12 09:01:04',1,1,0),(1558712215052824578,'1558712204701282305','1558705288013000705','老八秘制小汉堡',10000.00,1,0,'2022-08-14 15:08:46','2022-08-14 15:08:46',1,1,1),(1558712215065407489,'1558712204701282305','1558632622526644225','美汁儿汁儿',5000.00,1,0,'2022-08-14 15:08:46','2022-08-14 15:08:46',1,1,1),(1558740344156803074,'1558712204701282305','1558705288013000705','老八秘制小汉堡',10000.00,1,0,'2022-08-14 17:00:33','2022-08-14 17:00:33',1,1,1),(1558740344156803075,'1558712204701282305','1558632622526644225','美汁儿汁儿',5000.00,1,0,'2022-08-14 17:00:33','2022-08-14 17:00:33',1,1,1),(1558740564789776386,'1558712204701282305','1558705288013000705','老八秘制小汉堡',10000.00,1,0,'2022-08-14 17:01:25','2022-08-14 17:01:25',1,1,0),(1558740564789776387,'1558712204701282305','1558632622526644225','美汁儿汁儿',5000.00,1,0,'2022-08-14 17:01:25','2022-08-14 17:01:25',1,1,0),(1559368949219983362,'1415580119015145474','1397862198033297410','老火靓汤',49800.00,1,0,'2022-08-16 10:38:24','2022-08-16 10:38:24',1,1,0),(1559368949219983363,'1415580119015145474','1413342036832100354','北冰洋',500.00,1,0,'2022-08-16 10:38:24','2022-08-16 10:38:24',1,1,0),(1559368949219983364,'1415580119015145474','1413385247889891330','米饭',200.00,1,0,'2022-08-16 10:38:24','2022-08-16 10:38:24',1,1,0);
/*!40000 ALTER TABLE `setmeal_dish` ENABLE KEYS */;
UNLOCK TABLES;

--
-- Table structure for table `shopping_cart`
--

DROP TABLE IF EXISTS `shopping_cart`;
/*!40101 SET @saved_cs_client     = @@character_set_client */;
/*!40101 SET character_set_client = utf8 */;
CREATE TABLE `shopping_cart` (
  `id` bigint(20) NOT NULL COMMENT '主键',
  `name` varchar(50) COLLATE utf8_bin DEFAULT NULL COMMENT '名称',
  `image` varchar(100) COLLATE utf8_bin DEFAULT NULL COMMENT '图片',
  `user_id` bigint(20) NOT NULL COMMENT '用户id',
  `dish_id` bigint(20) DEFAULT NULL COMMENT '菜品id',
  `setmeal_id` bigint(20) DEFAULT NULL COMMENT '套餐id',
  `dish_flavor` varchar(50) COLLATE utf8_bin DEFAULT NULL COMMENT '口味',
  `number` int(11) NOT NULL DEFAULT '1' COMMENT '数量',
  `amount` decimal(10,2) NOT NULL COMMENT '单份的金额',
  `create_time` datetime DEFAULT NULL COMMENT '创建时间',
  PRIMARY KEY (`id`) USING BTREE
) ENGINE=InnoDB DEFAULT CHARSET=utf8 COLLATE=utf8_bin COMMENT='购物车';
/*!40101 SET character_set_client = @saved_cs_client */;

--
-- Dumping data for table `shopping_cart`
--

LOCK TABLES `shopping_cart` WRITE;
/*!40000 ALTER TABLE `shopping_cart` DISABLE KEYS */;
INSERT INTO `shopping_cart` VALUES (1558007217012699138,'辣子鸡','f966a38e-0780-40be-bb52-5699d13cb3d9.jpg',1557528809312960513,1397849739276890114,NULL,'不要辣,重辣',1,78.00,'2022-08-12 16:27:22'),(1558007232862973954,'烤乳猪','2e96a7e3-affb-438e-b7c3-e1430df425c9.jpeg',1557528809312960513,1397860792492666881,NULL,NULL,1,388.00,'2022-08-12 16:27:25'),(1558007253838688258,'儿童套餐A计划','61d20592-b37f-4d72-a864-07ad5bb8f3bb.jpg',1557528809312960513,NULL,1415580119015145474,NULL,1,40.00,'2022-08-12 16:27:30'),(1558996020028366850,'刀哥的皮炎痣','4e8570d3-b09a-446b-86d9-157476895de9.jpeg',1557527462182199298,1556920311625568257,NULL,'不辣,不要蒜,少糖',3,400.00,'2022-08-15 09:56:31'),(1564958328764235777,'刀哥的皮炎痣','4e8570d3-b09a-446b-86d9-157476895de9.jpeg',1557529936033058818,1556920311625568257,NULL,'微辣,不要蒜,全糖',1,400.00,'2022-08-31 20:48:36');
/*!40000 ALTER TABLE `shopping_cart` ENABLE KEYS */;
UNLOCK TABLES;

--
-- Table structure for table `user`
--

DROP TABLE IF EXISTS `user`;
/*!40101 SET @saved_cs_client     = @@character_set_client */;
/*!40101 SET character_set_client = utf8 */;
CREATE TABLE `user` (
  `id` bigint(20) NOT NULL COMMENT '主键',
  `name` varchar(50) COLLATE utf8_bin DEFAULT NULL COMMENT '姓名',
  `phone` varchar(100) COLLATE utf8_bin NOT NULL COMMENT '邮箱',
  `sex` varchar(2) COLLATE utf8_bin DEFAULT NULL COMMENT '性别',
  `id_number` varchar(18) COLLATE utf8_bin DEFAULT NULL COMMENT '身份证号',
  `avatar` varchar(500) COLLATE utf8_bin DEFAULT NULL COMMENT '头像',
  `status` int(11) DEFAULT '0' COMMENT '状态 0:禁用，1:正常',
  PRIMARY KEY (`id`) USING BTREE
) ENGINE=InnoDB DEFAULT CHARSET=utf8 COLLATE=utf8_bin COMMENT='用户信息';
/*!40101 SET character_set_client = @saved_cs_client */;

--
-- Dumping data for table `user`
--

LOCK TABLES `user` WRITE;
/*!40000 ALTER TABLE `user` DISABLE KEYS */;
INSERT INTO `user` VALUES (1557527462182199298,NULL,'shenyangdajie@shabi.com',NULL,NULL,NULL,1),(1557528809312960513,NULL,'dongbaiwangshi@sanbing.com',NULL,NULL,NULL,1),(1557529936033058818,NULL,'neticle2012@yahoo.co.jp',NULL,NULL,NULL,1);
/*!40000 ALTER TABLE `user` ENABLE KEYS */;
UNLOCK TABLES;
/*!40103 SET TIME_ZONE=@OLD_TIME_ZONE */;

/*!40101 SET SQL_MODE=@OLD_SQL_MODE */;
/*!40014 SET FOREIGN_KEY_CHECKS=@OLD_FOREIGN_KEY_CHECKS */;
/*!40014 SET UNIQUE_CHECKS=@OLD_UNIQUE_CHECKS */;
/*!40101 SET CHARACTER_SET_CLIENT=@OLD_CHARACTER_SET_CLIENT */;
/*!40101 SET CHARACTER_SET_RESULTS=@OLD_CHARACTER_SET_RESULTS */;
/*!40101 SET COLLATION_CONNECTION=@OLD_COLLATION_CONNECTION */;
/*!40111 SET SQL_NOTES=@OLD_SQL_NOTES */;

-- Dump completed on 2022-09-09 10:41:49
